source_id,title,author,publication_date,url,sheet_page,access_date,evidence_standing,inspection,image_reuse
US1,"South Bend Neighborhood Infill: Pre-approved, ready-to-build housing",City of South Bend; catalogue design team,2025-10-07,https://southbendin.gov/wp-content/uploads/2023/06/SBBT_Catalog_23-0506-lowres.pdf,"PDF 12,20,22 / printed 11,19,21",2026-09-06,"Design models, not built surveys; actual cover date overrides stale URL",Downloaded; selected plans visually inspected with PDFKit. Parent independently inspected sixplex.,No image licence established; link only.
US2,The Infill Design Toolkit: Medium-Density Residential Development,City of Portland,2008-12,https://www.portland.gov/sites/default/files/2020-01/toolkit1208-optimized_bkmrks.pdf,PDF 80/A-2;129/C-9;153/C-33,2026-09-06,Built profiles plus separate proposed prototypes; not current code guidance,Downloaded; selected pages/photos visually inspected; parent independently inspected C-33.,No image licence established; link only.
US3,"15th Live Work, 355 15th Ave: Design Review",Chris Pardo Design: Elemental Architecture / City of Seattle,2013-01-15,https://www.seattle.gov/dpd/AppDocs/GroupMeetings/DRProposal3012121AgendaID4348.pdf,"PDF 13,16,17,22 / sheets 12,15,16,21",2026-09-06,Proposal; built status unverified,Downloaded despite web-tool 403; plans/roof/elevation/materials visually inspected. Parent checked elevation.,No image licence established; link only.
NL1,"Hogekwartier te Amersfoort; appendix Ontwerp Woningprogramma, Veld 3–4",Alcedo / Municipality of Amersfoort,2018-04-25,https://www.amersfoort.nl/ro-online/NL.IMRO.0307.BP00141-0301/b_NL.IMRO.0307.BP00141-0301_rb3.pdf,"PDF 15 / printed 14, block schedule",2026-09-06,Design proposal; beukmaat is not established external width; GBO is usable area,Downloaded 32MB PDF; schedule and axon independently visually inspected; indexed schedule differs.,All rights reserved on source; no redistribution.
NL2,51 gasloze en energieneutrale woningen Het Larense Veld in Almere Haven,BAM Wonen; Schippers Architecten,Delivered 2019-08,https://www.bamwonen.nl/projecten/51-gasloze-en-energieneutrale-woningen-het-larense-veld-in-almere-haven,Project description / Cijfers en feiten,2026-09-06,Builder-reported built project; approximate/ranged dimensions not paired unit records,"Primary text inspected; photographs linked, not measured.",No image licence established; link only.
DE1,"Deutsche Wohngebäudetypologie, second expanded edition","IWU: Loga, Stein, Diefenbach, Born",2015-02-10,https://www.iwu.de/fileadmin/publikationen/gebaeudebestand/episcope/2015_IWU_LogaEtAl_Deutsche-Wohngeb%C3%A4udetypologie.pdf,PDF 172 RH_F;240 MFH_E,2026-09-06,Energy typology examples; repeated heating variants are not independent buildings,"Downloaded; RH_F photo visually inspected, MFH_E text inspected.",Attribute IEE Projects TABULA + EPISCOPE (www.episcope.eu); source files/photos not redistributed; see RIGHTS.
DE2,"cb19, Christburger Straße 19",zanderroth,2009–2014,https://www.zanderroth.de/de/projekte/cb19/340,Project text,2026-09-06,Built courtyard infill; counts/area cover two buildings,Indexed primary text inspected; direct web open failed; images not visually inspected.,Photos Simon Menges; link only.
DE3,Wohnregal building,"Marc Frohn / Mario Rojas, ARQ 105",2020,https://publikationen.bibliothek.kit.edu/1000125224/90508743,PDF 2/95;3/96;5/98;7/100,2026-09-06,Architect-authored built project report,Downloaded; plan and section inspected; parent independently checked section.,Photos David von Becker / Tobias Wootton; no reuse permission established.
DE4,Wohnregal,FAR frohn & rojas,2016–2019,https://www.f-a-r.net/projects/en_projects/119_wohnregal/,"Project text, axon and staircase links",2026-09-06,Primary corroboration of construction and six storeys,Text inspected; page has PHP warnings but project text readable.,Completed photos David von Becker; link only.
FR1,"Transformation of 530 dwellings, blocks G H I, Grand Parc",Lacaton & Vassal / Druot / Hutin,2016 completion text; 2017 header,https://www.lacatonvassal.com/index.php?idp=80,Project text / programme,2026-09-06,Built transformation; date and existing-area definitions conflict within source,Primary text inspected; no overall building dimensions inferred.,No image licence established; link only.
NF1,Nottingham Energiesprong homes,Energiesprong UK / Nottingham City Homes / Melius / Studio Partington,2017 pilot; later phases described,https://www.energiesprong.uk/projects/nottingham,Full list of measures,2026-09-06,Built retrofit phases; first pilot and later systems differ,Primary project text inspected; not a measured building survey.,No image licence established; link only.
NF2,Single-Family Deep Energy Retrofits with Prefabricated Panel Block Wall Insulation,US Department of Energy / Fraunhofer USA,Updated 2025-07-01,https://www.energy.gov/cmei/buildings/single-family-deep-energy-retrofits-prefabricated-panel-block-wall-insulation,Overview / Progress / Next Steps,2026-09-06,"Development and demonstration, not proven universal deployment",Primary page inspected; target benefits not treated as achieved outcomes.,No image licence established; link only.
ST1,Energy Performance of Buildings Directive,European Commission,Live page accessed 2026-09-06,https://energy.ec.europa.eu/topics/energy-efficiency/energy-performance-buildings/energy-performance-buildings-directive_en,Key facts on energy and buildings,2026-09-06,EU-wide stock statement; not a city distribution,Primary text inspected; policy requirements not transcribed as game rules.,Page images separately credited; link only.
ST2,2023 ACS B25034: Year Structure Built,US Census Bureau,2023,https://api.census.gov/data/2023/acs/acs1/groups/B25034.html,Table definition,2026-09-06,Discovery only: no US age proportions verified,"Numeric API request returned Missing Key HTML, not data; excluded from numerical conclusions.",No images used.
CON1,Portal frames: anatomy and design considerations,Steel Construction Info / BCSA / SCI,Undated current page,https://steelconstruction.info/topics/design/portal-frames,Anatomy; Main frame; Clear span and height,2026-09-06,"Industry design guidance, not measured stock",Primary industry guidance inspected; current page clear-height range differs from older concept guide.,No image licence established; link only.
CON2,Kerto-Ripa: Prefabricated Building Elements,Metsä Wood,Undated downloaded edition,https://www.metsagroup.com/globalassets/metsa-wood/attachments/others/metsa-kerto-ripa-prefabricated-building-elements.pdf.pdf,"PDF/printed 25, T-element span table and assumptions",2026-09-06,Product-specific calculated span limits; not an installed building survey,"Downloaded; table, units and assumptions visually inspected.","Manufacturer document; original diagrams only, no page redistribution."
CON3,Loading Dock,Whole Building Design Guide,Undated current page,https://stg.wbdg.org/space-types/loading-dock,Functional / Operational,2026-09-06,"Design guidance; service/public adjacency, not a universal dimension standard",Text inspected; no dock dimensions adopted.,No image licence established; link only.
MAT1,Standard format bricks,Wienerberger,Undated,https://www.wienerberger.co.uk/products/brick/standard-format-bricks.html,Product dimensions,2026-09-06,"Modern UK product control from first pass, not regional architecture definition","Verified in first pass; retained with provenance, not freshly re-fetched.",No image licence established; link only.
MAT2,Marley plain tile detail 800CPT35 rev A,Marley,Undated drawing,https://www.marley.co.uk/-/media/066d3695d9a94cb7a8019b1db5175f1f.pdf?rev=27071efb996241869e2faffc511005fe,800CPT35 rev A,2026-09-06,Product module from first pass; not a universal roof covering,Verified first pass; retained for scale comparison.,No image licence established; link only.
RIGHTS,TABULA/EPISCOPE rules for usage,IEE Projects TABULA + EPISCOPE / IWU,Undated,https://episcope.eu/communication/download/,Rules for Usage,2026-09-06,Explicit attribution policy,Primary policy inspected.,Nonexclusive uses intended; visible IEE Projects TABULA + EPISCOPE (www.episcope.eu) attribution required.
R1,Archived roof-proportions draw and simulation owners,city-sim repository,Checkpoint d9addc3,../simulation-audit.md,audit.py; evidence/reproduction.json,2026-09-06,Archived game geometry and code reconstruction; not fresh run,Recomputed 52 unique IDs; HEAD and owner hashes checked.,Repository research image remains in first-pass bundle; no new third-party asset.
P1,Present-day model briefs and comparison,This research session,2026-09-06,model-briefs.md,N1–N3 and comparison protocol,2026-09-06,"Proposed art/layout parameters, not measured evidence",Original dimensional drawings; arithmetic validated.,Original research diagrams.
