tick,frames,seconds,fps,ticks,step_ms,shell_ms,render_cpu_ms,gpu_ms,probe,process_cpu_ms,busy_frames,threaded,route_workers
600,1,6.833104,0.146,0,0.0000,6668.4295,0.0000,,baseline,7339.8710,0,True,1
600,7,1.012153,6.916,0,0.0000,876.5606,10.1039,23.5223,baseline,1164.0830,0,True,1
600,26,1.096366,23.715,0,0.0000,863.3885,3.2022,14.9957,baseline,1394.5120,0,True,1
600,1,1.472242,0.679,0,0.0000,1466.6747,22.2170,15.4080,baseline,1513.5930,0,True,1
600,69,1.014630,68.005,0,0.0000,459.2440,2.8553,14.5957,baseline,984.6470,0,True,1
600,68,1.001049,67.929,0,0.0000,451.2131,2.7378,14.6157,baseline,804.6240,0,True,1
600,67,1.009817,66.349,0,0.0000,453.8971,3.3204,14.8707,baseline,1854.8690,0,True,1
600,68,1.001870,67.873,0,0.0000,453.9390,3.3046,14.6192,baseline,1736.5770,0,True,1
600,69,1.013951,68.051,0,0.0000,461.2853,2.7468,14.5802,baseline,803.4010,0,True,1
600,67,1.006012,66.600,0,0.0000,450.0992,2.7587,14.8964,baseline,846.4050,0,True,1
600,64,1.004742,63.698,0,0.0000,430.2730,2.8242,15.5915,baseline,785.2390,0,True,1
600,68,1.001361,67.908,0,0.0000,452.7182,2.6972,14.6122,baseline,789.5810,0,True,1
600,68,1.002828,67.808,0,0.0000,456.3404,2.8597,14.6281,baseline,807.2690,0,True,1
600,67,1.010552,66.300,0,0.0000,480.8444,3.4510,14.8263,baseline,890.4060,0,True,1
600,67,1.002280,66.848,0,0.0000,509.3033,3.0613,14.5927,baseline,876.8870,0,True,1
600,62,2.278443,27.212,0,0.0000,1834.0033,2.9336,14.8242,baseline,2314.3000,0,True,1
600,4,1.869483,2.140,0,0.0000,1505.9863,10.6798,14.4445,shadows-off,2156.5380,0,True,1
600,81,1.009520,80.236,0,0.0000,555.6243,3.5723,11.1555,shadows-off,1032.8170,0,True,1
600,88,1.010732,87.066,0,0.0000,581.9522,3.0117,10.8938,shadows-off,1088.0270,0,True,1
600,74,1.002994,73.779,0,0.0000,506.0466,3.7900,11.9366,shadows-off,1612.8690,0,True,1
600,78,1.006084,77.528,0,0.0000,628.4707,3.0897,10.7212,shadows-off,1181.1040,0,True,1
600,80,1.008928,79.292,0,0.0000,644.4088,2.8318,10.7135,shadows-off,1036.1790,0,True,1
600,78,1.004137,77.679,0,0.0000,630.4010,2.9707,10.7798,shadows-off,1035.9650,0,True,1
600,79,1.007331,78.425,0,0.0000,627.1217,3.0857,10.7363,shadows-off,1037.9530,0,True,1
600,87,1.002977,86.742,0,0.0000,613.1106,2.7180,10.7662,shadows-off,1018.2380,0,True,1
600,79,1.004025,78.683,0,0.0000,588.1659,3.1946,11.1587,shadows-off,1781.6670,0,True,1
600,90,1.002039,89.817,0,0.0000,600.7102,2.5324,10.7570,shadows-off,1227.4130,0,True,1
600,84,1.004070,83.659,0,0.0000,565.9113,2.9381,11.4777,shadows-off,1797.5660,0,True,1
600,74,2.211591,33.460,0,0.0000,1817.5931,3.1832,10.8928,shadows-off,2911.6720,0,True,1
600,16,2.733889,5.852,0,0.0000,2388.6523,2.3998,5.7620,baseline,2852.3910,0,True,1
600,131,1.009865,129.720,0,0.0000,870.4425,0.3778,6.1737,baseline,1075.3940,0,True,1
600,116,1.008482,115.024,0,0.0000,843.6021,0.5117,6.2885,baseline,1074.6230,0,True,1
600,115,1.000337,114.961,0,0.0000,836.6687,0.5200,6.2733,baseline,1067.8510,0,True,1
600,107,1.007402,106.214,0,0.0000,863.4518,0.4868,6.2473,baseline,1065.7620,0,True,1
600,104,1.004075,103.578,0,0.0000,854.2810,0.5187,6.2668,baseline,1066.6160,0,True,1
600,124,1.006370,123.215,0,0.0000,876.0630,0.3795,6.1753,baseline,1066.4830,0,True,1
600,135,1.004033,134.458,0,0.0000,876.9641,0.3381,6.1515,baseline,1061.8040,0,True,1
600,133,1.000232,132.969,0,0.0000,874.3427,0.3387,6.1433,baseline,1058.2670,0,True,1
600,134,1.004892,133.348,0,0.0000,877.0001,0.3452,6.1456,baseline,1063.5000,0,True,1
600,121,1.002682,120.676,0,0.0000,881.3538,0.3604,6.1423,baseline,1059.6270,0,True,1
600,133,1.003802,132.496,0,0.0000,873.8593,0.3498,6.1218,baseline,1064.5770,0,True,1
600,126,2.632057,47.871,0,0.0000,2506.7828,0.3486,6.1066,baseline,2734.5890,0,True,1
600,2,1.020017,1.961,0,0.0000,42.0989,0.4275,6.0450,shadows-off,1053.8010,0,True,1
600,2,1.883495,1.062,0,0.0000,1858.2250,9.2530,6.9790,shadows-off,1959.8800,0,True,1
600,116,1.007964,115.083,0,0.0000,890.6710,0.3058,4.4351,shadows-off,1046.9880,0,True,1
600,107,1.002504,106.733,0,0.0000,890.2842,0.3256,4.0486,shadows-off,1037.5560,0,True,1
600,125,1.008633,123.930,0,0.0000,879.4439,0.3206,4.0107,shadows-off,1050.8250,0,True,1
600,119,1.006224,118.264,0,0.0000,881.2984,0.3288,4.0242,shadows-off,1044.9140,0,True,1
600,129,1.005968,128.235,0,0.0000,887.8145,0.2771,3.9822,shadows-off,1043.2130,0,True,1
600,139,1.000286,138.960,0,0.0000,881.1605,0.2536,3.9742,shadows-off,1036.7460,0,True,1
600,139,1.001791,138.751,0,0.0000,881.4176,0.2575,3.9740,shadows-off,1036.6800,0,True,1
600,140,1.004880,139.320,0,0.0000,886.8395,0.2570,3.9562,shadows-off,1043.9650,0,True,1
600,139,1.002210,138.694,0,0.0000,882.4952,0.2582,3.9667,shadows-off,1038.7060,0,True,1
600,140,1.003913,139.454,0,0.0000,885.9134,0.2503,3.9739,shadows-off,1040.0330,0,True,1
600,139,1.005689,138.214,0,0.0000,886.0575,0.2553,3.9790,shadows-off,1044.2510,0,True,1
600,131,2.642251,49.579,0,0.0000,2524.1844,0.2703,3.9923,shadows-off,2848.6970,0,True,1
600,3,1.316320,2.279,0,0.0000,345.6803,0.3477,3.8967,baseline,1414.4670,0,True,1
600,1,1.620484,0.617,0,0.0000,1617.0941,18.3820,8.5630,baseline,1674.5820,0,True,1
600,132,1.008244,130.921,0,0.0000,872.3506,0.3884,5.5773,baseline,1089.0830,0,True,1
600,120,1.009043,118.925,0,0.0000,873.8971,0.4148,5.5890,baseline,1066.0290,0,True,1
600,111,1.002051,110.773,0,0.0000,864.1336,0.4429,5.6366,baseline,1059.6540,0,True,1
600,113,1.007487,112.160,0,0.0000,876.6242,0.4315,5.6060,baseline,1068.4850,0,True,1
600,120,1.001722,119.794,0,0.0000,869.3453,0.4086,5.6068,baseline,1061.9140,0,True,1
600,126,1.003095,125.611,0,0.0000,868.2733,0.3944,5.6274,baseline,1063.6570,0,True,1
600,123,1.008436,121.971,0,0.0000,873.8575,0.4027,5.6252,baseline,1061.1470,0,True,1
600,129,1.005613,128.280,0,0.0000,861.1582,0.4105,5.6414,baseline,1064.8670,0,True,1
600,114,1.002505,113.715,0,0.0000,866.1712,0.4413,5.6191,baseline,1058.2530,0,True,1
600,122,1.006145,121.255,0,0.0000,858.5393,0.4087,5.5851,baseline,1043.9800,0,True,1
600,112,1.006630,111.262,0,0.0000,870.5659,0.4507,5.6213,baseline,1052.7690,0,True,1
600,124,2.616757,47.387,0,0.0000,2489.8387,0.3787,5.6111,baseline,2734.3470,0,True,1
600,3,1.071996,2.799,0,0.0000,327.2490,0.5750,5.5097,baseline,1289.8900,0,True,1
600,1,1.678788,0.596,0,0.0000,1675.4677,18.1110,6.9850,baseline,1715.7420,0,True,1
600,132,1.009981,130.696,0,0.0000,866.1669,0.4284,5.1423,baseline,1069.1370,0,True,1
600,130,1.006475,129.164,0,0.0000,859.2765,0.4384,5.1869,baseline,1065.4290,0,True,1
600,131,1.005905,130.231,0,0.0000,860.3723,0.4340,5.2270,baseline,1066.1320,0,True,1
600,129,1.005348,128.314,0,0.0000,858.7007,0.4450,5.1820,baseline,1061.0750,0,True,1
600,129,1.001217,128.843,0,0.0000,855.7574,0.4342,5.2020,baseline,1057.0510,0,True,1
600,131,1.006270,130.184,0,0.0000,860.3796,0.4355,5.2047,baseline,1067.7010,0,True,1
600,130,1.006638,129.143,0,0.0000,861.2609,0.4344,5.1728,baseline,1069.5690,0,True,1
600,129,1.004963,128.363,0,0.0000,857.4963,0.4387,5.2025,baseline,1066.0010,0,True,1
600,130,1.002457,129.681,0,0.0000,857.7769,0.4324,5.1829,baseline,1063.3000,0,True,1
600,129,1.006261,128.197,0,0.0000,857.5031,0.4506,5.2005,baseline,1065.7710,0,True,1
600,131,1.006057,130.211,0,0.0000,861.6070,0.4297,5.1698,baseline,1065.8970,0,True,1
600,124,2.655806,46.690,0,0.0000,2520.2114,0.4282,5.1509,baseline,2922.8840,0,True,1
600,4,2.571600,1.555,0,0.0000,2048.1774,5.0880,5.2852,baseline,2847.4950,0,True,1
600,123,1.004605,122.436,0,0.0000,831.4123,0.6105,5.1938,baseline,1062.2880,0,True,1
600,127,1.001020,126.871,0,0.0000,840.8310,0.5362,4.8754,baseline,1063.6990,0,True,1
600,130,1.004712,129.390,0,0.0000,846.6723,0.5197,4.8639,baseline,1066.6420,0,True,1
600,127,1.003419,126.567,0,0.0000,836.6943,0.5687,4.9084,baseline,1067.5310,0,True,1
600,127,1.003650,126.538,0,0.0000,836.6595,0.5642,4.8746,baseline,1067.7850,0,True,1
600,128,1.007126,127.094,0,0.0000,843.0283,0.5482,4.8985,baseline,1069.0390,0,True,1
600,130,1.002273,129.705,0,0.0000,846.0520,0.5153,4.8366,baseline,1064.7270,0,True,1
600,130,1.004138,129.464,0,0.0000,846.6129,0.5222,4.8301,baseline,1066.4430,0,True,1
600,127,1.000324,126.959,0,0.0000,838.2997,0.5510,4.8860,baseline,1065.9950,0,True,1
600,127,1.002900,126.633,0,0.0000,837.7584,0.5533,4.9097,baseline,1064.3070,0,True,1
600,127,1.001026,126.870,0,0.0000,840.2654,0.5378,4.8405,baseline,1060.0110,0,True,1
600,123,2.622741,46.898,0,0.0000,2460.9479,0.5674,4.8901,baseline,2715.1980,0,True,1
600,4,2.365864,1.691,0,0.0000,1974.0918,5.3907,5.0285,baseline,2497.4300,0,True,1
600,131,1.009895,129.717,0,0.0000,865.5324,0.4185,4.9628,baseline,1077.3430,0,True,1
600,128,1.009360,126.813,0,0.0000,860.1650,0.4340,4.9672,baseline,1071.3100,0,True,1
600,132,1.005838,131.234,0,0.0000,866.1537,0.3943,4.9655,baseline,1066.6840,0,True,1
600,130,1.003730,129.517,0,0.0000,859.5017,0.4166,4.9728,baseline,1067.5790,0,True,1
600,132,1.000522,131.931,0,0.0000,863.5596,0.3866,4.9633,baseline,1061.1320,0,True,1
600,131,1.001520,130.801,0,0.0000,864.1755,0.3888,4.9960,baseline,1061.5170,0,True,1
600,132,1.006009,131.212,0,0.0000,865.8854,0.3975,4.9977,baseline,1068.5330,0,True,1
600,132,1.006336,131.169,0,0.0000,867.6774,0.3941,4.9795,baseline,1067.1690,0,True,1
600,131,1.003072,130.599,0,0.0000,864.9070,0.3956,4.9785,baseline,1063.0830,0,True,1
600,126,1.000813,125.898,0,0.0000,854.9958,0.4323,4.9851,baseline,1061.1860,0,True,1
600,131,1.004842,130.369,0,0.0000,868.8540,0.3840,4.9846,baseline,1067.1020,0,True,1
600,126,2.595910,48.538,0,0.0000,2463.2821,0.3913,4.9907,baseline,2690.9210,0,True,1
600,4,2.641674,1.514,0,0.0000,2112.1954,5.1598,5.1072,baseline,3092.4760,0,True,1
600,132,1.009624,130.742,0,0.0000,860.6305,0.4513,4.5442,baseline,1076.3540,0,True,1
600,131,1.001529,130.800,0,0.0000,854.2275,0.4382,4.5524,baseline,1065.6180,0,True,1
600,129,1.000050,128.994,0,0.0000,849.2706,0.4562,4.5711,baseline,1064.4360,0,True,1
600,130,1.000319,129.959,0,0.0000,851.6939,0.4442,4.5604,baseline,1062.3410,0,True,1
600,131,1.001288,130.831,0,0.0000,854.9130,0.4380,4.5612,baseline,1064.4830,0,True,1
600,132,1.005272,131.308,0,0.0000,858.1108,0.4357,4.5584,baseline,1069.2390,0,True,1
600,128,1.001374,127.824,0,0.0000,859.3242,0.4332,4.5666,baseline,1066.9030,0,True,1
600,131,1.006551,130.147,0,0.0000,858.6696,0.4391,4.5666,baseline,1069.2640,0,True,1
600,126,1.002601,125.673,0,0.0000,841.8541,0.4983,4.5907,baseline,1068.5040,0,True,1
600,128,1.005632,127.283,0,0.0000,852.2180,0.4717,4.5945,baseline,1071.8280,0,True,1
600,126,1.001568,125.803,0,0.0000,844.9227,0.4819,4.5723,baseline,1066.5110,0,True,1
600,123,2.632616,46.722,0,0.0000,2472.7166,0.4964,4.5580,baseline,2727.8190,0,True,1
600,4,2.449793,1.633,0,0.0000,2060.1873,5.0792,4.5822,shadows-off,2742.1730,0,True,1
600,130,1.002621,129.660,0,0.0000,858.9923,0.3952,3.5645,shadows-off,1038.1870,0,True,1
600,129,1.000000,129.000,0,0.0000,854.7630,0.3970,3.1551,shadows-off,1038.5600,0,True,1
600,130,1.006676,129.138,0,0.0000,865.2387,0.3788,3.1666,shadows-off,1043.2050,0,True,1
600,127,1.007066,126.109,0,0.0000,856.4720,0.4155,3.1442,shadows-off,1045.0970,0,True,1
600,127,1.003853,126.513,0,0.0000,850.5341,0.4257,3.1641,shadows-off,1042.2050,0,True,1
600,121,1.005557,120.331,0,0.0000,843.2768,0.4847,3.1511,shadows-off,1044.6130,0,True,1
600,122,1.006994,121.153,0,0.0000,841.4265,0.4897,3.1317,shadows-off,1046.2040,0,True,1
600,122,1.007215,121.126,0,0.0000,842.4636,0.4856,3.1598,shadows-off,1049.1840,0,True,1
600,119,1.001677,118.801,0,0.0000,832.5374,0.5148,3.1334,shadows-off,1042.1120,0,True,1
600,112,1.007820,111.131,0,0.0000,836.9343,0.5578,3.1395,shadows-off,1054.7940,0,True,1
600,109,1.006189,108.330,0,0.0000,833.6841,0.5686,3.1561,shadows-off,1047.5150,0,True,1
600,114,3.602306,31.646,0,0.0000,3439.2532,0.5135,3.1782,shadows-off,3553.0030,0,True,1
600,4,2.765060,1.447,0,0.0000,2305.2283,6.1405,3.7638,baseline,2866.8440,0,True,1
600,127,1.005476,126.308,0,0.0000,843.8115,0.5358,5.1452,baseline,1073.4290,0,True,1
600,128,1.002505,127.680,0,0.0000,844.4643,0.5132,5.1730,baseline,1063.5830,0,True,1
600,129,1.002679,128.655,0,0.0000,847.7303,0.5007,5.1215,baseline,1062.4530,0,True,1
600,128,1.001560,127.801,0,0.0000,843.2726,0.5154,5.1407,baseline,1063.6490,0,True,1
600,126,1.000026,125.997,0,0.0000,837.9387,0.5314,5.1437,baseline,1063.0980,0,True,1
600,122,1.001486,121.819,0,0.0000,816.5122,0.6310,5.1597,baseline,1063.9830,0,True,1
600,119,1.003769,118.553,0,0.0000,816.0837,0.6623,5.2217,baseline,1069.7450,0,True,1
600,108,1.006023,107.353,0,0.0000,806.7542,0.7361,5.1465,baseline,1032.1880,0,True,1
600,114,1.008299,113.062,0,0.0000,806.2147,0.7482,5.1682,baseline,1074.3530,0,True,1
600,102,1.006370,101.354,0,0.0000,802.4918,0.8616,5.1485,baseline,1042.3190,0,True,1
600,123,1.001607,122.803,0,0.0000,820.2766,0.6230,5.1756,baseline,1067.5800,0,True,1
600,120,2.627384,45.673,0,0.0000,2462.0161,0.5748,5.1634,baseline,2766.0690,0,True,1
600,4,2.508090,1.595,0,0.0000,1983.0910,5.1027,5.3053,baseline,2642.0050,0,True,1
600,127,1.001746,126.779,0,0.0000,847.1779,0.4684,5.1481,baseline,1059.3220,0,True,1
600,126,1.000461,125.942,0,0.0000,849.6650,0.4396,5.1840,baseline,1055.4170,0,True,1
600,128,1.003769,127.519,0,0.0000,853.3754,0.4436,5.1852,baseline,1063.5550,0,True,1
600,129,1.005368,128.311,0,0.0000,854.5610,0.4442,5.1821,baseline,1065.3770,0,True,1
600,129,1.003161,128.594,0,0.0000,852.0792,0.4429,5.1518,baseline,1063.5700,0,True,1
600,128,1.006984,127.112,0,0.0000,853.0304,0.4538,5.1698,baseline,1066.8350,0,True,1
600,129,1.000646,128.917,0,0.0000,852.4468,0.4366,5.1432,baseline,1062.1500,0,True,1
600,126,1.002033,125.744,0,0.0000,850.4996,0.4576,5.1890,baseline,1068.6740,0,True,1
600,129,1.004871,128.375,0,0.0000,855.7800,0.4343,5.1886,baseline,1062.8930,0,True,1
600,128,1.005494,127.301,0,0.0000,853.4850,0.4491,5.1918,baseline,1067.0180,0,True,1
600,128,1.000537,127.931,0,0.0000,851.2346,0.4383,5.2002,baseline,1057.5190,0,True,1
600,125,2.651723,47.139,0,0.0000,2504.8732,0.4438,5.1902,baseline,2744.4200,0,True,1
600,13,1.121861,11.588,0,0.0000,572.1822,0.8476,8.1592,baseline,1177.9110,0,True,1
600,1,1.742543,0.574,0,0.0000,1739.3354,20.0580,10.8910,baseline,1919.7680,0,True,1
600,106,1.001329,105.859,0,0.0000,708.5421,0.7266,9.2561,baseline,930.0560,0,True,1
600,105,1.001394,104.854,0,0.0000,703.4505,0.7335,9.3049,baseline,1086.1060,0,True,1
600,105,1.009439,104.018,0,0.0000,725.0350,0.8858,9.2360,baseline,2007.9570,0,True,1
600,106,1.004909,105.482,0,0.0000,715.2632,0.8291,9.2470,baseline,1871.2650,0,True,1
600,104,1.004247,103.560,0,0.0000,696.8687,0.7135,9.4655,baseline,951.5600,0,True,1
600,106,1.003006,105.682,0,0.0000,709.3714,0.7125,9.2335,baseline,932.3320,0,True,1
600,105,1.006246,104.348,0,0.0000,716.5617,0.7526,9.2248,baseline,947.1040,0,True,1
600,106,1.002486,105.737,0,0.0000,713.7731,0.7420,9.2348,baseline,945.5790,0,True,1
600,106,1.003639,105.616,0,0.0000,708.3954,0.6972,9.2467,baseline,931.5940,0,True,1
600,104,1.007816,103.193,0,0.0000,713.6716,0.7421,9.2664,baseline,953.5490,0,True,1
600,106,1.010499,104.899,0,0.0000,714.2271,0.7816,9.3033,baseline,956.7830,0,True,1
600,101,2.629245,38.414,0,0.0000,2346.6148,0.7391,9.2894,baseline,2604.7900,0,True,1
600,4,2.649557,1.510,0,0.0000,1872.7275,5.1390,9.1710,shadows-off,2716.7320,0,True,1
600,119,1.006852,118.190,0,0.0000,812.8772,0.5785,6.9009,shadows-off,1019.9420,0,True,1
600,123,1.004000,122.510,0,0.0000,833.9328,0.5623,6.3436,shadows-off,1040.9020,0,True,1
600,125,1.001043,124.870,0,0.0000,832.5083,0.5504,6.3213,shadows-off,1038.6470,0,True,1
600,124,1.003922,123.516,0,0.0000,827.1754,0.5859,6.3274,shadows-off,1042.5780,0,True,1
600,125,1.007849,124.026,0,0.0000,836.2220,0.5591,6.3312,shadows-off,1045.7980,0,True,1
600,121,1.007283,120.125,0,0.0000,837.3045,0.5749,6.3356,shadows-off,1047.1090,0,True,1
600,123,1.006674,122.185,0,0.0000,829.4058,0.5847,6.3520,shadows-off,1042.3580,0,True,1
600,122,1.001110,121.865,0,0.0000,824.5387,0.5933,6.3630,shadows-off,1040.8030,0,True,1
600,123,1.006773,122.173,0,0.0000,832.1580,0.5795,6.3480,shadows-off,1043.8950,0,True,1
600,123,1.003139,122.615,0,0.0000,828.5254,0.5816,6.3794,shadows-off,1042.2900,0,True,1
600,123,1.005569,122.319,0,0.0000,832.0070,0.5803,6.3455,shadows-off,1042.6210,0,True,1
600,115,2.635811,43.630,0,0.0000,2465.4553,0.6146,6.3456,shadows-off,2713.0490,0,True,1
600,4,1.063565,3.761,0,0.0000,285.3848,0.7133,6.4353,baseline,1097.8510,0,True,1
600,1,1.708492,0.585,0,0.0000,1706.3027,18.1380,12.5060,baseline,1880.8090,0,True,1
600,106,1.002069,105.781,0,0.0000,706.4343,0.7683,9.2654,baseline,941.2220,0,True,1
600,102,1.002623,101.733,0,0.0000,697.1538,0.7745,9.4737,baseline,960.3720,0,True,1
600,104,1.008507,103.123,0,0.0000,695.5136,0.7718,9.4815,baseline,966.0450,0,True,1
600,104,1.002599,103.730,0,0.0000,704.0926,0.7753,9.3174,baseline,932.8950,0,True,1
600,105,1.003044,104.681,0,0.0000,704.7278,0.7625,9.3075,baseline,934.8990,0,True,1
600,105,1.003030,104.683,0,0.0000,710.9253,0.8005,9.3085,baseline,949.7540,0,True,1
600,105,1.005440,104.432,0,0.0000,712.0655,0.7672,9.2829,baseline,939.5990,0,True,1
600,105,1.005321,104.444,0,0.0000,708.1542,0.7791,9.2957,baseline,939.5550,0,True,1
600,103,1.000512,102.947,0,0.0000,689.4436,0.7770,9.5011,baseline,970.7460,0,True,1
600,103,1.000356,102.963,0,0.0000,690.5737,0.7719,9.4975,baseline,969.8980,0,True,1
600,106,1.004644,105.510,0,0.0000,710.0889,0.6996,9.2428,baseline,935.3680,0,True,1
600,103,2.651265,38.849,0,0.0000,2359.7907,0.7648,9.2634,baseline,2630.1560,0,True,1
600,3,1.121785,2.674,0,0.0000,348.9630,0.7993,8.9483,baseline,1231.4560,0,True,1
600,1,1.677376,0.596,0,0.0000,1672.8566,17.0820,11.1700,baseline,1730.5740,0,True,1
600,108,1.011798,106.741,0,0.0000,722.9231,0.9931,9.1378,baseline,994.5860,0,True,1
600,106,1.002869,105.697,0,0.0000,711.4952,1.0533,9.2155,baseline,1614.1070,0,True,1
600,104,1.006013,103.378,0,0.0000,697.1378,0.9977,9.4343,baseline,1005.0340,0,True,1
600,107,1.000585,106.937,0,0.0000,717.2415,1.0000,9.0870,baseline,993.6550,0,True,1
600,108,1.008070,107.135,0,0.0000,723.1920,0.9891,9.0652,baseline,999.3960,0,True,1
600,108,1.008476,107.092,0,0.0000,720.9049,0.9734,9.0972,baseline,990.3170,0,True,1
600,107,1.008094,106.141,0,0.0000,725.4123,0.9919,9.0595,baseline,998.7350,0,True,1
600,107,1.007504,106.203,0,0.0000,723.5855,1.0171,9.0470,baseline,1002.0980,0,True,1
600,109,1.008699,108.060,0,0.0000,730.4648,1.0125,9.0095,baseline,1014.7940,0,True,1
600,108,1.004587,107.507,0,0.0000,725.4906,0.9864,9.0419,baseline,997.4360,0,True,1
600,108,1.006633,107.288,0,0.0000,718.1568,0.9622,9.0844,baseline,989.0190,0,True,1
600,101,2.656269,38.023,0,0.0000,2386.3462,0.9639,9.0691,baseline,2679.1280,0,True,1
600,3,1.024049,2.930,0,0.0000,346.9421,1.0620,8.7017,baseline,1143.9810,0,True,1
600,1,1.761065,0.568,0,0.0000,1753.9278,19.6190,11.1290,baseline,1941.6130,0,True,1
600,99,1.003316,98.673,0,0.0000,660.2258,0.8213,9.9546,baseline,890.8650,0,True,1
600,108,1.005939,107.362,0,0.0000,735.7681,0.8546,8.9868,baseline,993.0930,0,True,1
600,107,1.004497,106.521,0,0.0000,712.9039,0.8485,9.1533,baseline,1002.3170,0,True,1
600,108,1.002980,107.679,0,0.0000,720.6420,0.7986,9.0639,baseline,1003.7640,0,True,1
600,110,1.005728,109.374,0,0.0000,733.5314,0.7915,8.8966,baseline,980.2290,0,True,1
600,109,1.006075,108.342,0,0.0000,738.4494,0.7994,8.9067,baseline,986.2700,0,True,1
600,109,1.002180,108.763,0,0.0000,729.4704,0.8229,8.9416,baseline,983.5080,0,True,1
600,109,1.006877,108.255,0,0.0000,737.8553,0.8428,8.9327,baseline,995.0890,0,True,1
600,109,1.001174,108.872,0,0.0000,729.0895,0.8079,8.9545,baseline,979.5120,0,True,1
600,109,1.001324,108.856,0,0.0000,724.8322,0.7760,8.9523,baseline,968.1540,0,True,1
600,109,1.005444,108.410,0,0.0000,727.2549,0.8240,8.9673,baseline,983.8100,0,True,1
600,106,2.659482,39.857,0,0.0000,2392.6779,0.8473,8.9315,baseline,2683.0670,0,True,1
600,3,1.033109,2.904,0,0.0000,356.8938,0.8657,8.8877,shadows-off,1155.1050,0,True,1
600,1,1.724536,0.580,0,0.0000,1716.8128,19.4380,8.2640,shadows-off,1757.4450,0,True,1
600,116,1.000292,115.966,0,0.0000,809.5101,0.7065,6.0750,shadows-off,1485.2030,0,True,1
600,121,1.000129,120.984,0,0.0000,821.7770,0.6253,6.1367,shadows-off,1036.0880,0,True,1
600,121,1.007375,120.114,0,0.0000,829.4045,0.6284,6.1643,shadows-off,1045.2720,0,True,1
600,119,1.003866,118.542,0,0.0000,814.8587,0.6862,6.1553,shadows-off,1044.2650,0,True,1
600,116,1.001792,115.792,0,0.0000,809.9987,0.7114,6.1711,shadows-off,1039.7760,0,True,1
600,121,1.000194,120.976,0,0.0000,822.2917,0.6275,6.1291,shadows-off,1038.6120,0,True,1
600,122,1.003076,121.626,0,0.0000,823.8426,0.6157,6.0861,shadows-off,1038.0670,0,True,1
600,122,1.007750,121.062,0,0.0000,825.4080,0.6116,6.0832,shadows-off,1047.2520,0,True,1
600,122,1.002852,121.653,0,0.0000,816.8640,0.6547,6.0904,shadows-off,1039.0750,0,True,1
600,118,1.004124,117.515,0,0.0000,814.9651,0.6949,6.1116,shadows-off,1043.7850,0,True,1
600,121,1.009645,119.844,0,0.0000,834.0694,0.6107,6.1261,shadows-off,1046.3200,0,True,1
600,115,2.675380,42.985,0,0.0000,2510.0640,0.6115,6.1073,shadows-off,2753.7330,0,True,1
