kind,metres,visible_objects,visible_draws,visible_primitives,shadow_objects,shadow_draws,shadow_primitives,cpu_ms,gpu_ms,frames,frame_total_ms,frame_max_ms
fixed,3000,1118,1118,345414,578,578,107966,29.313,7.103,2569,6781.839,4401.359
fixed,1000,1074,1074,434514,1851,1851,708908,3.047,9.856,2572,6889.549,4401.359
fixed,500,1954,1954,2637866,3550,3550,5316902,19.578,20.197,2575,6962.070,4401.359
fixed,400,1538,1538,2103436,3029,3029,4513090,4.144,18.486,2578,7036.596,4401.359
approach,3000,3265,3265,345414,2439,2439,107966,9.274,8.553,2581,7096.329,4401.359
approach,2900,3265,3265,345414,2730,2730,112830,2.537,8.587,2584,7155.099,4401.359
approach,2800,3265,3265,345414,2900,2900,155470,2.937,9.358,2588,7215.587,4401.359
approach,2700,3262,3262,345126,3067,3067,181090,3.711,8.838,2592,7274.790,4401.359
approach,2600,3262,3262,345126,3176,3176,187868,3.057,8.753,2596,7334.800,4401.359
approach,2500,3262,3262,345126,3176,3176,187868,3.123,9.060,2600,7393.402,4401.359
approach,2400,3262,3262,345126,3176,3176,187868,3.045,8.968,2605,7469.560,4401.359
approach,2300,3258,3258,391406,3175,3175,293512,3.186,9.083,2610,7528.605,4401.359
approach,2200,3258,3258,391406,3175,3175,293512,3.071,9.052,2615,7590.216,4401.359
approach,2100,3258,3258,391406,3175,3175,293512,3.042,9.184,2620,7649.316,4401.359
approach,2000,3258,3258,433994,3180,3180,363624,3.019,9.055,2625,7708.052,4401.359
approach,1900,3255,3255,458906,3185,3185,479348,3.128,9.432,2630,7767.821,4401.359
approach,1800,3254,3254,455490,3185,3185,479348,3.020,9.571,2635,7840.354,4401.359
approach,1700,3251,3251,477486,3691,3691,582468,3.150,10.597,2640,7900.532,4401.359
approach,1600,3248,3248,373282,4145,4145,350208,3.347,9.702,2646,7990.594,4401.359
approach,1500,3235,3235,348994,4613,4613,362462,3.241,9.747,2652,8050.942,4401.359
approach,1400,3235,3235,348994,5228,5228,379260,3.390,10.783,2658,8114.432,4401.359
approach,1300,3237,3237,409282,5716,5716,449038,3.593,9.868,2665,8176.870,4401.359
approach,1200,3236,3236,437746,5995,5995,516766,3.541,10.414,2670,8237.372,4401.359
approach,1100,3233,3233,437458,6106,6106,661506,3.557,10.753,2675,8299.109,4401.359
approach,1000,3140,3140,438438,6061,6061,724932,3.521,9.457,2681,8361.473,4401.359
approach,900,3011,3011,428138,5790,5790,718430,3.720,9.936,2686,8423.462,4401.359
approach,800,2781,2781,415390,5293,5293,705902,4.419,9.963,2692,8484.784,4401.359
approach,700,2584,2584,3199950,4989,4989,6470206,6.136,16.753,2699,8548.593,4401.359
approach,600,2230,2230,2738862,4254,4254,5683926,5.091,16.572,2704,8617.220,4401.359
approach,500,1956,1956,2644406,3812,3812,5890906,4.507,13.826,2709,8679.078,4401.359
approach,400,1540,1540,2107360,3232,3232,4982312,3.869,12.889,2714,8738.745,4401.359
band,900,3012,3012,551654,4238,4238,890328,3.528,7.685,3031,9510.043,4401.359
band,800,2783,2783,529750,3853,3853,865010,2.979,7.930,3044,9598.517,4401.359
band,760,2670,2670,2223252,3664,3664,3452380,4.764,11.027,3056,9670.668,4401.359
band,740,2623,2623,2141280,3570,3570,3312782,4.651,10.915,3069,9749.170,4401.359
band,720,2615,2615,2125572,3533,3533,3232962,4.827,10.912,3082,9821.675,4401.359
band,700,2586,2586,3306462,3553,3553,4541026,5.732,12.460,3095,9894.629,4401.359
band,600,2230,2230,2817342,3043,3043,4046002,4.978,12.439,3109,9972.566,4401.359
band,500,1958,1958,2728118,2469,2469,3635864,3.995,12.172,3119,10065.021,4401.359
band,400,1542,1542,2192380,2417,2417,3663680,3.570,12.322,3132,10137.402,4401.359
fade,560,2134,2134,2951904,3311,3311,4463270,4.787,12.993,4147,11790.895,4401.359
fade,520,2002,2002,2810150,3144,3144,4636488,4.316,13.502,4159,11879.444,4401.359
fade,500,1958,1958,2785670,3112,3112,4625324,5.401,12.427,4172,11953.998,4401.359
fade,475,1836,1836,2606182,2944,2944,4391864,4.301,12.265,4185,12033.453,4401.359
fade,450,1745,1745,2454270,2789,2789,4195410,4.112,12.265,4198,12110.210,4401.359
fade,420,1634,1634,2334752,2590,2590,3921528,3.633,12.164,4211,12183.559,4401.359
fade,380,1428,1428,2143572,2315,2315,3699026,3.306,11.646,4225,12259.700,4401.359
